text_id,cohesion,syntax,vocabulary,phraseology,grammar,conventions
000d118,2.834277,2.8534727,2.975927,2.8093774,2.771026,2.4085338
000fe60,3.1194415,3.2208233,3.2180364,3.1080356,3.2341855,2.9703314
001ab80,4.0975,4.199644,4.285981,4.1836934,4.4133267,4.0317554
