text_id,cohesion,syntax,vocabulary,phraseology,grammar,conventions
000d118,2.83833,2.648617,3.2257078,2.8528259,2.6825802,2.3725932
000fe60,3.3019178,3.2154162,3.436492,3.4288993,3.4931312,2.969439
001ab80,4.2230535,4.0697513,4.395762,4.302904,4.3153768,4.0239325
