text_id,cohesion,syntax,vocabulary,phraseology,grammar,conventions
000fe60,3.2769012,3.215509,3.289322,3.1992373,3.4034462,2.9531283
000d118,2.8813386,2.7196324,3.2075806,2.8431528,2.7199054,2.4971943
001ab80,4.407514,4.441296,4.696683,4.593394,4.5302496,4.2874537
