text_id,cohesion,syntax,vocabulary,phraseology,grammar,conventions
000fe60,3.305748,3.2051659,3.3797398,3.4161937,3.5048747,3.0320506
000d118,2.8733249,2.7060695,3.1180952,2.9099872,2.6836896,2.3857005
001ab80,4.2264767,4.2571197,4.3987303,4.3974547,4.389699,4.12111
